participant.id_in_session,participant.code,participant.label,participant._is_bot,participant._index_in_pages,participant._max_page_index,participant._current_app_name,participant._round_number,participant._current_page_name,participant.ip_address,participant.time_started,participant.exclude_from_data_analysis,participant.visited,participant.mturk_worker_id,participant.mturk_assignment_id,player.id_in_group,player.period_number,player.subperiod_time,player.transport_cost,player.loc,player.price,player.boundary_lo,player.boundary_hi,player.market_share,player.round_payoff,player.cumulative_round_payoff,player.paid_period,player.payoff,group.id_in_subsession,subsession.round_number,session.code,session.label,session.experimenter_name,session.time_scheduled,session.time_started,session.mturk_HITId,session.mturk_HITGroupId,session.comment,session.is_demo
1,jzgy40of,LEEPS_12,0,1804,1804,hotellingmarkup_payment_20,1,end,128.114.138.3,2017-02-08 21:23:15.893609+00:00,0,1,,,1,12,7,0.1,0.125,0.73,0.0,0.0,0.0,0.0,0.0,1,0.00,1,1,7kt2b4w3,,,,,,,,0
2,bxw9n1kt,LEEPS_6,0,1804,1804,hotellingmarkup_payment_20,1,end,128.114.138.3,2017-02-08 21:23:15.922953+00:00,0,1,,,2,12,7,0.1,0.375,0.4,0.0,1.0,1.0,0.4,0.02,1,0.00,3,1,7kt2b4w3,,,,,,,,0
3,hglc1vkz,LEEPS_11,0,1804,1804,hotellingmarkup_payment_20,1,end,128.114.138.3,2017-02-08 21:23:15.938289+00:00,0,1,,,3,12,7,0.1,0.625,0.74,0.0,0.0,0.0,0.0,0.0,1,0.00,2,1,7kt2b4w3,,,,,,,,0
4,0zxo4qdu,LEEPS_3,0,1804,1804,hotellingmarkup_payment_20,1,end,128.114.138.3,2017-02-08 21:23:15.983562+00:00,0,1,,,4,12,7,0.1,0.875,0.49,0.0,0.0,0.0,0.0,0.0,1,0.00,3,1,7kt2b4w3,,,,,,,,0
5,6ghgybim,LEEPS_2,0,1804,1804,hotellingmarkup_payment_20,1,end,128.114.138.3,2017-02-08 21:23:15.986814+00:00,0,1,,,3,12,7,0.1,0.625,0.07,0.0,1.0,1.0,0.07,0.0035,1,0.00,1,1,7kt2b4w3,,,,,,,,0
6,7j0ajx2i,LEEPS_7,0,1804,1804,hotellingmarkup_payment_20,1,end,128.114.138.3,2017-02-08 21:23:15.993881+00:00,0,1,,,1,12,7,0.1,0.125,0.89,0.0,0.0,0.0,0.0,0.0,1,0.00,3,1,7kt2b4w3,,,,,,,,0
7,lg8skrrk,LEEPS_8,0,1804,1804,hotellingmarkup_payment_20,1,end,128.114.138.3,2017-02-08 21:23:16.053374+00:00,0,1,,,3,12,7,0.1,0.625,0.88,0.0,0.0,0.0,0.0,0.0,1,0.00,3,1,7kt2b4w3,,,,,,,,0
8,brltr2qq,LEEPS_1,0,1804,1804,hotellingmarkup_payment_20,1,end,128.114.138.3,2017-02-08 21:23:16.058171+00:00,0,1,,,2,12,7,0.1,0.375,0.98,0.0,0.0,0.0,0.0,0.0,1,0.00,1,1,7kt2b4w3,,,,,,,,0
9,fyfkyoey,LEEPS_10,0,1804,1804,hotellingmarkup_payment_20,1,end,128.114.138.3,2017-02-08 21:23:16.062266+00:00,0,1,,,4,12,7,0.1,0.875,0.23,0.0,0.0,0.0,0.0,0.0,1,0.00,1,1,7kt2b4w3,,,,,,,,0
10,vd86l11u,LEEPS_9,0,1804,1804,hotellingmarkup_payment_20,1,end,128.114.138.3,2017-02-08 21:23:16.133542+00:00,0,1,,,4,12,7,0.1,0.875,0.33,0.0,0.0,0.0,0.0,0.0,1,0.00,2,1,7kt2b4w3,,,,,,,,0
11,3s0guyma,LEEPS_4,0,1804,1804,hotellingmarkup_payment_20,1,end,128.114.138.3,2017-02-08 21:23:48.516961+00:00,0,1,,,1,12,7,0.1,0.125,0.09,0.0,0.35,0.35,0.0315,0.001575,1,0.00,2,1,7kt2b4w3,,,,,,,,0
12,cz17uo63,LEEPS_5,0,1804,1804,hotellingmarkup_payment_20,1,end,128.114.138.3,2017-02-08 21:24:17.231040+00:00,0,1,,,2,12,7,0.1,0.375,0.11,0.35,1.0,0.65,0.0715,0.003575,1,0.00,2,1,7kt2b4w3,,,,,,,,0
1,jzgy40of,LEEPS_12,0,1804,1804,hotellingmarkup_payment_20,1,end,128.114.138.3,2017-02-08 21:23:15.893609+00:00,0,1,,,1,12,7,0.1,0.125,0.87,0.0,0.0,0.0,0.0,0.0,1,0.00,1,2,7kt2b4w3,,,,,,,,0
2,bxw9n1kt,LEEPS_6,0,1804,1804,hotellingmarkup_payment_20,1,end,128.114.138.3,2017-02-08 21:23:15.922953+00:00,0,1,,,2,12,7,0.1,0.375,0.4,0.0,0.775,0.775,0.31,0.0355,1,0.00,3,2,7kt2b4w3,,,,,,,,0
3,hglc1vkz,LEEPS_11,0,1804,1804,hotellingmarkup_payment_20,1,end,128.114.138.3,2017-02-08 21:23:15.938289+00:00,0,1,,,3,12,7,0.1,0.625,0.68,0.0,0.0,0.0,0.0,0.0,1,0.00,2,2,7kt2b4w3,,,,,,,,0
4,0zxo4qdu,LEEPS_3,0,1804,1804,hotellingmarkup_payment_20,1,end,128.114.138.3,2017-02-08 21:23:15.983562+00:00,0,1,,,4,12,7,0.1,0.875,0.43,0.775,1.0,0.225,0.0967500000000002,0.00483750000000001,1,0.00,3,2,7kt2b4w3,,,,,,,,0
5,6ghgybim,LEEPS_2,0,1804,1804,hotellingmarkup_payment_20,1,end,128.114.138.3,2017-02-08 21:23:15.986814+00:00,0,1,,,3,12,7,0.1,0.625,0.2,0.0,0.0,0.0,0.0,0.0035,1,0.00,1,2,7kt2b4w3,,,,,,,,0
6,7j0ajx2i,LEEPS_7,0,1804,1804,hotellingmarkup_payment_20,1,end,128.114.138.3,2017-02-08 21:23:15.993881+00:00,0,1,,,1,12,7,0.1,0.125,0.7,0.0,0.0,0.0,0.0,0.0,1,0.00,3,2,7kt2b4w3,,,,,,,,0
7,lg8skrrk,LEEPS_8,0,1804,1804,hotellingmarkup_payment_20,1,end,128.114.138.3,2017-02-08 21:23:16.053374+00:00,0,1,,,3,12,7,0.1,0.625,0.88,0.0,0.0,0.0,0.0,0.0,1,0.00,3,2,7kt2b4w3,,,,,,,,0
8,brltr2qq,LEEPS_1,0,1804,1804,hotellingmarkup_payment_20,1,end,128.114.138.3,2017-02-08 21:23:16.058171+00:00,0,1,,,2,12,7,0.1,0.375,0.08,0.0,0.625,0.625,0.05,0.0025,1,0.00,1,2,7kt2b4w3,,,,,,,,0
9,fyfkyoey,LEEPS_10,0,1804,1804,hotellingmarkup_payment_20,1,end,128.114.138.3,2017-02-08 21:23:16.062266+00:00,0,1,,,4,12,7,0.1,0.875,0.08,0.625,1.0,0.375,0.03,0.0015,1,0.00,1,2,7kt2b4w3,,,,,,,,0
10,vd86l11u,LEEPS_9,0,1804,1804,hotellingmarkup_payment_20,1,end,128.114.138.3,2017-02-08 21:23:16.133542+00:00,0,1,,,4,12,7,0.1,0.875,0.14,0.0,0.0,0.0,0.0,0.0,1,0.00,2,2,7kt2b4w3,,,,,,,,0
11,3s0guyma,LEEPS_4,0,1804,1804,hotellingmarkup_payment_20,1,end,128.114.138.3,2017-02-08 21:23:48.516961+00:00,0,1,,,1,12,7,0.1,0.125,0.11,0.0,0.0,0.0,0.0,0.001575,1,0.00,2,2,7kt2b4w3,,,,,,,,0
12,cz17uo63,LEEPS_5,0,1804,1804,hotellingmarkup_payment_20,1,end,128.114.138.3,2017-02-08 21:24:17.231040+00:00,0,1,,,2,12,7,0.1,0.375,0.06,0.0,1.0,1.0,0.06,0.006575,1,0.00,2,2,7kt2b4w3,,,,,,,,0
1,jzgy40of,LEEPS_12,0,1804,1804,hotellingmarkup_payment_20,1,end,128.114.138.3,2017-02-08 21:23:15.893609+00:00,0,1,,,1,12,7,0.1,0.125,0.87,0.0,0.0,0.0,0.0,0.0,1,0.00,1,3,7kt2b4w3,,,,,,,,0
2,bxw9n1kt,LEEPS_6,0,1804,1804,hotellingmarkup_payment_20,1,end,128.114.138.3,2017-02-08 21:23:15.922953+00:00,0,1,,,2,12,7,0.1,0.375,0.37,0.25,1.0,0.75,0.2775,0.049375,1,0.00,3,3,7kt2b4w3,,,,,,,,0
3,hglc1vkz,LEEPS_11,0,1804,1804,hotellingmarkup_payment_20,1,end,128.114.138.3,2017-02-08 21:23:15.938289+00:00,0,1,,,3,12,7,0.1,0.625,0.1,0.0,0.0,0.0,0.0,0.0,1,0.00,2,3,7kt2b4w3,,,,,,,,0
4,0zxo4qdu,LEEPS_3,0,1804,1804,hotellingmarkup_payment_20,1,end,128.114.138.3,2017-02-08 21:23:15.983562+00:00,0,1,,,4,12,7,0.1,0.875,0.43,0.0,0.0,0.0,0.0,0.00483750000000001,1,0.00,3,3,7kt2b4w3,,,,,,,,0
5,6ghgybim,LEEPS_2,0,1804,1804,hotellingmarkup_payment_20,1,end,128.114.138.3,2017-02-08 21:23:15.986814+00:00,0,1,,,3,12,7,0.1,0.625,0.06,0.0,0.85,0.85,0.051,0.00605,1,0.00,1,3,7kt2b4w3,,,,,,,,0
6,7j0ajx2i,LEEPS_7,0,1804,1804,hotellingmarkup_payment_20,1,end,128.114.138.3,2017-02-08 21:23:15.993881+00:00,0,1,,,1,12,7,0.1,0.125,0.37,0.0,0.25,0.25,0.0925,0.004625,1,0.00,3,3,7kt2b4w3,,,,,,,,0
7,lg8skrrk,LEEPS_8,0,1804,1804,hotellingmarkup_payment_20,1,end,128.114.138.3,2017-02-08 21:23:16.053374+00:00,0,1,,,3,12,7,0.1,0.625,0.92,0.0,0.0,0.0,0.0,0.0,1,0.00,3,3,7kt2b4w3,,,,,,,,0
8,brltr2qq,LEEPS_1,0,1804,1804,hotellingmarkup_payment_20,1,end,128.114.138.3,2017-02-08 21:23:16.058171+00:00,0,1,,,2,12,7,0.1,0.375,0.11,0.0,0.0,0.0,0.0,0.0025,1,0.00,1,3,7kt2b4w3,,,,,,,,0
9,fyfkyoey,LEEPS_10,0,1804,1804,hotellingmarkup_payment_20,1,end,128.114.138.3,2017-02-08 21:23:16.062266+00:00,0,1,,,4,12,7,0.1,0.875,0.08,0.85,1.0,0.15,0.012,0.0021,1,0.00,1,3,7kt2b4w3,,,,,,,,0
10,vd86l11u,LEEPS_9,0,1804,1804,hotellingmarkup_payment_20,1,end,128.114.138.3,2017-02-08 21:23:16.133542+00:00,0,1,,,4,12,7,0.1,0.875,0.27,0.0,0.0,0.0,0.0,0.0,1,0.00,2,3,7kt2b4w3,,,,,,,,0
11,3s0guyma,LEEPS_4,0,1804,1804,hotellingmarkup_payment_20,1,end,128.114.138.3,2017-02-08 21:23:48.516961+00:00,0,1,,,1,12,7,0.1,0.125,0.04,0.0,1.0,1.0,0.04,0.003575,1,0.00,2,3,7kt2b4w3,,,,,,,,0
12,cz17uo63,LEEPS_5,0,1804,1804,hotellingmarkup_payment_20,1,end,128.114.138.3,2017-02-08 21:24:17.231040+00:00,0,1,,,2,12,7,0.1,0.375,0.09,0.0,0.0,0.0,0.0,0.006575,1,0.00,2,3,7kt2b4w3,,,,,,,,0
1,jzgy40of,LEEPS_12,0,1804,1804,hotellingmarkup_payment_20,1,end,128.114.138.3,2017-02-08 21:23:15.893609+00:00,0,1,,,1,12,7,0.1,0.125,0.03,0.0,0.475,0.475,0.01425,0.0007125,1,0.00,1,4,7kt2b4w3,,,,,,,,0
2,bxw9n1kt,LEEPS_6,0,1804,1804,hotellingmarkup_payment_20,1,end,128.114.138.3,2017-02-08 21:23:15.922953+00:00,0,1,,,2,12,7,0.1,0.375,0.34,0.0,0.825,0.825,0.2805,0.0634,1,0.00,3,4,7kt2b4w3,,,,,,,,0
3,hglc1vkz,LEEPS_11,0,1804,1804,hotellingmarkup_payment_20,1,end,128.114.138.3,2017-02-08 21:23:15.938289+00:00,0,1,,,3,12,7,0.1,0.625,0.04,0.45,1.0,0.55,0.022,0.0011,1,0.00,2,4,7kt2b4w3,,,,,,,,0
4,0zxo4qdu,LEEPS_3,0,1804,1804,hotellingmarkup_payment_20,1,end,128.114.138.3,2017-02-08 21:23:15.983562+00:00,0,1,,,4,12,7,0.1,0.875,0.38,0.825,1.0,0.175,0.0665000000000001,0.00816250000000001,1,0.00,3,4,7kt2b4w3,,,,,,,,0
5,6ghgybim,LEEPS_2,0,1804,1804,hotellingmarkup_payment_20,1,end,128.114.138.3,2017-02-08 21:23:15.986814+00:00,0,1,,,3,12,7,0.1,0.625,0.05,0.475,0.7,0.225,0.01125,0.0066125,1,0.00,1,4,7kt2b4w3,,,,,,,,0
6,7j0ajx2i,LEEPS_7,0,1804,1804,hotellingmarkup_payment_20,1,end,128.114.138.3,2017-02-08 21:23:15.993881+00:00,0,1,,,1,12,7,0.1,0.125,0.38,0.0,0.0,0.0,0.0,0.004625,1,0.00,3,4,7kt2b4w3,,,,,,,,0
7,lg8skrrk,LEEPS_8,0,1804,1804,hotellingmarkup_payment_20,1,end,128.114.138.3,2017-02-08 21:23:16.053374+00:00,0,1,,,3,12,7,0.1,0.625,0.92,0.0,0.0,0.0,0.0,0.0,1,0.00,3,4,7kt2b4w3,,,,,,,,0
8,brltr2qq,LEEPS_1,0,1804,1804,hotellingmarkup_payment_20,1,end,128.114.138.3,2017-02-08 21:23:16.058171+00:00,0,1,,,2,12,7,0.1,0.375,0.87,0.0,0.0,0.0,0.0,0.0025,1,0.00,1,4,7kt2b4w3,,,,,,,,0
9,fyfkyoey,LEEPS_10,0,1804,1804,hotellingmarkup_payment_20,1,end,128.114.138.3,2017-02-08 21:23:16.062266+00:00,0,1,,,4,12,7,0.1,0.875,0.04,0.7,1.0,0.3,0.012,0.0027,1,0.00,1,4,7kt2b4w3,,,,,,,,0
10,vd86l11u,LEEPS_9,0,1804,1804,hotellingmarkup_payment_20,1,end,128.114.138.3,2017-02-08 21:23:16.133542+00:00,0,1,,,4,12,7,0.1,0.875,1.0,0.0,0.0,0.0,0.0,0.0,1,0.00,2,4,7kt2b4w3,,,,,,,,0
11,3s0guyma,LEEPS_4,0,1804,1804,hotellingmarkup_payment_20,1,end,128.114.138.3,2017-02-08 21:23:48.516961+00:00,0,1,,,1,12,7,0.1,0.125,0.04,0.0,0.3,0.3,0.012,0.004175,1,0.00,2,4,7kt2b4w3,,,,,,,,0
12,cz17uo63,LEEPS_5,0,1804,1804,hotellingmarkup_payment_20,1,end,128.114.138.3,2017-02-08 21:24:17.231040+00:00,0,1,,,2,12,7,0.1,0.375,0.05,0.3,0.45,0.15,0.0075,0.00695,1,0.00,2,4,7kt2b4w3,,,,,,,,0
1,jzgy40of,LEEPS_12,0,1804,1804,hotellingmarkup_payment_20,1,end,128.114.138.3,2017-02-08 21:23:15.893609+00:00,0,1,,,1,12,7,0.1,0.125,0.03,0.0,0.325,0.325,0.00975,0.0012,1,0.00,1,5,7kt2b4w3,,,,,,,,0
2,bxw9n1kt,LEEPS_6,0,1804,1804,hotellingmarkup_payment_20,1,end,128.114.138.3,2017-02-08 21:23:15.922953+00:00,0,1,,,2,12,7,0.1,0.375,0.32,0.0,0.0,0.0,0.0,0.0634,1,0.00,3,5,7kt2b4w3,,,,,,,,0
3,hglc1vkz,LEEPS_11,0,1804,1804,hotellingmarkup_payment_20,1,end,128.114.138.3,2017-02-08 21:23:15.938289+00:00,0,1,,,3,12,7,0.1,0.625,0.06,0.0,0.0,0.0,0.0,0.0011,1,0.00,2,5,7kt2b4w3,,,,,,,,0
4,0zxo4qdu,LEEPS_3,0,1804,1804,hotellingmarkup_payment_20,1,end,128.114.138.3,2017-02-08 21:23:15.983562+00:00,0,1,,,4,12,7,0.1,0.875,0.38,0.0,0.0,0.0,0.0,0.00816250000000002,1,0.00,3,5,7kt2b4w3,,,,,,,,0
5,6ghgybim,LEEPS_2,0,1804,1804,hotellingmarkup_payment_20,1,end,128.114.138.3,2017-02-08 21:23:15.986814+00:00,0,1,,,3,12,7,0.1,0.625,0.02,0.325,0.85,0.525,0.0105,0.0071375,1,0.00,1,5,7kt2b4w3,,,,,,,,0
6,7j0ajx2i,LEEPS_7,0,1804,1804,hotellingmarkup_payment_20,1,end,128.114.138.3,2017-02-08 21:23:15.993881+00:00,0,1,,,1,12,7,0.1,0.125,0.65,0.0,0.0,0.0,0.0,0.004625,1,0.00,3,5,7kt2b4w3,,,,,,,,0
7,lg8skrrk,LEEPS_8,0,1804,1804,hotellingmarkup_payment_20,1,end,128.114.138.3,2017-02-08 21:23:16.053374+00:00,0,1,,,3,12,7,0.1,0.625,0.28,0.0,1.0,1.0,0.28,0.014,1,0.00,3,5,7kt2b4w3,,,,,,,,0
8,brltr2qq,LEEPS_1,0,1804,1804,hotellingmarkup_payment_20,1,end,128.114.138.3,2017-02-08 21:23:16.058171+00:00,0,1,,,2,12,7,0.1,0.375,0.87,0.0,0.0,0.0,0.0,0.0025,1,0.00,1,5,7kt2b4w3,,,,,,,,0
9,fyfkyoey,LEEPS_10,0,1804,1804,hotellingmarkup_payment_20,1,end,128.114.138.3,2017-02-08 21:23:16.062266+00:00,0,1,,,4,12,7,0.1,0.875,0.04,0.85,1.0,0.15,0.006,0.003,1,0.00,1,5,7kt2b4w3,,,,,,,,0
10,vd86l11u,LEEPS_9,0,1804,1804,hotellingmarkup_payment_20,1,end,128.114.138.3,2017-02-08 21:23:16.133542+00:00,0,1,,,4,12,7,0.1,0.875,1.0,0.0,0.0,0.0,0.0,0.0,1,0.00,2,5,7kt2b4w3,,,,,,,,0
11,3s0guyma,LEEPS_4,0,1804,1804,hotellingmarkup_payment_20,1,end,128.114.138.3,2017-02-08 21:23:48.516961+00:00,0,1,,,1,12,7,0.1,0.125,0.04,0.0,0.2,0.2,0.008,0.004575,1,0.00,2,5,7kt2b4w3,,,,,,,,0
12,cz17uo63,LEEPS_5,0,1804,1804,hotellingmarkup_payment_20,1,end,128.114.138.3,2017-02-08 21:24:17.231040+00:00,0,1,,,2,12,7,0.1,0.375,0.03,0.2,1.0,0.8,0.024,0.00815,1,0.00,2,5,7kt2b4w3,,,,,,,,0
1,jzgy40of,LEEPS_12,0,1804,1804,hotellingmarkup_payment_20,1,end,128.114.138.3,2017-02-08 21:23:15.893609+00:00,0,1,,,1,12,7,0.1,0.125,0.03,0.0,0.5,0.5,0.015,0.00195,1,0.00,1,6,7kt2b4w3,,,,,,,,0
2,bxw9n1kt,LEEPS_6,0,1804,1804,hotellingmarkup_payment_20,1,end,128.114.138.3,2017-02-08 21:23:15.922953+00:00,0,1,,,2,12,7,0.1,0.375,0.23,0.3,0.775,0.475,0.10925,0.0688625,1,0.00,3,6,7kt2b4w3,,,,,,,,0
3,hglc1vkz,LEEPS_11,0,1804,1804,hotellingmarkup_payment_20,1,end,128.114.138.3,2017-02-08 21:23:15.938289+00:00,0,1,,,3,12,7,0.1,0.625,0.04,0.45,0.8,0.35,0.014,0.0018,1,0.00,2,6,7kt2b4w3,,,,,,,,0
4,0zxo4qdu,LEEPS_3,0,1804,1804,hotellingmarkup_payment_20,1,end,128.114.138.3,2017-02-08 21:23:15.983562+00:00,0,1,,,4,12,7,0.1,0.875,0.26,0.775,1.0,0.225,0.0585,0.0110875,1,0.00,3,6,7kt2b4w3,,,,,,,,0
5,6ghgybim,LEEPS_2,0,1804,1804,hotellingmarkup_payment_20,1,end,128.114.138.3,2017-02-08 21:23:15.986814+00:00,0,1,,,3,12,7,0.1,0.625,0.06,0.0,0.0,0.0,0.0,0.0071375,1,0.00,1,6,7kt2b4w3,,,,,,,,0
6,7j0ajx2i,LEEPS_7,0,1804,1804,hotellingmarkup_payment_20,1,end,128.114.138.3,2017-02-08 21:23:15.993881+00:00,0,1,,,1,12,7,0.1,0.125,0.22,0.0,0.3,0.3,0.066,0.007925,1,0.00,3,6,7kt2b4w3,,,,,,,,0
7,lg8skrrk,LEEPS_8,0,1804,1804,hotellingmarkup_payment_20,1,end,128.114.138.3,2017-02-08 21:23:16.053374+00:00,0,1,,,3,12,7,0.1,0.625,0.93,0.0,0.0,0.0,0.0,0.014,1,0.00,3,6,7kt2b4w3,,,,,,,,0
8,brltr2qq,LEEPS_1,0,1804,1804,hotellingmarkup_payment_20,1,end,128.114.138.3,2017-02-08 21:23:16.058171+00:00,0,1,,,2,12,7,0.1,0.375,0.87,0.0,0.0,0.0,0.0,0.0025,1,0.00,1,6,7kt2b4w3,,,,,,,,0
9,fyfkyoey,LEEPS_10,0,1804,1804,hotellingmarkup_payment_20,1,end,128.114.138.3,2017-02-08 21:23:16.062266+00:00,0,1,,,4,12,7,0.1,0.875,0.03,0.5,1.0,0.5,0.015,0.00375,1,0.00,1,6,7kt2b4w3,,,,,,,,0
10,vd86l11u,LEEPS_9,0,1804,1804,hotellingmarkup_payment_20,1,end,128.114.138.3,2017-02-08 21:23:16.133542+00:00,0,1,,,4,12,7,0.1,0.875,0.05,0.8,1.0,0.2,0.01,0.0005,1,0.00,2,6,7kt2b4w3,,,,,,,,0
11,3s0guyma,LEEPS_4,0,1804,1804,hotellingmarkup_payment_20,1,end,128.114.138.3,2017-02-08 21:23:48.516961+00:00,0,1,,,1,12,7,0.1,0.125,0.04,0.0,0.3,0.3,0.012,0.005175,1,0.00,2,6,7kt2b4w3,,,,,,,,0
12,cz17uo63,LEEPS_5,0,1804,1804,hotellingmarkup_payment_20,1,end,128.114.138.3,2017-02-08 21:24:17.231040+00:00,0,1,,,2,12,7,0.1,0.375,0.05,0.3,0.45,0.15,0.0075,0.008525,1,0.00,2,6,7kt2b4w3,,,,,,,,0
1,jzgy40of,LEEPS_12,0,1804,1804,hotellingmarkup_payment_20,1,end,128.114.138.3,2017-02-08 21:23:15.893609+00:00,0,1,,,1,12,7,0.1,0.125,0.03,0.0,0.475,0.475,0.01425,0.0026625,1,0.00,1,7,7kt2b4w3,,,,,,,,0
2,bxw9n1kt,LEEPS_6,0,1804,1804,hotellingmarkup_payment_20,1,end,128.114.138.3,2017-02-08 21:23:15.922953+00:00,0,1,,,2,12,7,0.1,0.375,0.19,0.0,0.0,0.0,0.0,0.0688625,1,0.00,3,7,7kt2b4w3,,,,,,,,0
3,hglc1vkz,LEEPS_11,0,1804,1804,hotellingmarkup_payment_20,1,end,128.114.138.3,2017-02-08 21:23:15.938289+00:00,0,1,,,3,12,7,0.1,0.625,0.03,0.55,0.8,0.25,0.0075,0.002175,1,0.00,2,7,7kt2b4w3,,,,,,,,0
4,0zxo4qdu,LEEPS_3,0,1804,1804,hotellingmarkup_payment_20,1,end,128.114.138.3,2017-02-08 21:23:15.983562+00:00,0,1,,,4,12,7,0.1,0.875,0.26,0.0,0.0,0.0,0.0,0.0110875,1,0.00,3,7,7kt2b4w3,,,,,,,,0
5,6ghgybim,LEEPS_2,0,1804,1804,hotellingmarkup_payment_20,1,end,128.114.138.3,2017-02-08 21:23:15.986814+00:00,0,1,,,3,12,7,0.1,0.625,0.05,0.475,0.85,0.375,0.01875,0.008075,1,0.00,1,7,7kt2b4w3,,,,,,,,0
6,7j0ajx2i,LEEPS_7,0,1804,1804,hotellingmarkup_payment_20,1,end,128.114.138.3,2017-02-08 21:23:15.993881+00:00,0,1,,,1,12,7,0.1,0.125,0.16,0.0,1.0,1.0,0.16,0.015925,1,0.00,3,7,7kt2b4w3,,,,,,,,0
7,lg8skrrk,LEEPS_8,0,1804,1804,hotellingmarkup_payment_20,1,end,128.114.138.3,2017-02-08 21:23:16.053374+00:00,0,1,,,3,12,7,0.1,0.625,0.89,0.0,0.0,0.0,0.0,0.014,1,0.00,3,7,7kt2b4w3,,,,,,,,0
8,brltr2qq,LEEPS_1,0,1804,1804,hotellingmarkup_payment_20,1,end,128.114.138.3,2017-02-08 21:23:16.058171+00:00,0,1,,,2,12,7,0.1,0.375,0.87,0.0,0.0,0.0,0.0,0.0025,1,0.00,1,7,7kt2b4w3,,,,,,,,0
9,fyfkyoey,LEEPS_10,0,1804,1804,hotellingmarkup_payment_20,1,end,128.114.138.3,2017-02-08 21:23:16.062266+00:00,0,1,,,4,12,7,0.1,0.875,0.07,0.85,1.0,0.15,0.0105,0.004275,1,0.00,1,7,7kt2b4w3,,,,,,,,0
10,vd86l11u,LEEPS_9,0,1804,1804,hotellingmarkup_payment_20,1,end,128.114.138.3,2017-02-08 21:23:16.133542+00:00,0,1,,,4,12,7,0.1,0.875,0.04,0.8,1.0,0.2,0.008,0.0009,1,0.00,2,7,7kt2b4w3,,,,,,,,0
11,3s0guyma,LEEPS_4,0,1804,1804,hotellingmarkup_payment_20,1,end,128.114.138.3,2017-02-08 21:23:48.516961+00:00,0,1,,,1,12,7,0.1,0.125,0.04,0.0,0.15,0.15,0.006,0.005475,1,0.00,2,7,7kt2b4w3,,,,,,,,0
12,cz17uo63,LEEPS_5,0,1804,1804,hotellingmarkup_payment_20,1,end,128.114.138.3,2017-02-08 21:24:17.231040+00:00,0,1,,,2,12,7,0.1,0.375,0.02,0.15,0.55,0.4,0.008,0.008925,1,0.00,2,7,7kt2b4w3,,,,,,,,0
1,jzgy40of,LEEPS_12,0,1804,1804,hotellingmarkup_payment_20,1,end,128.114.138.3,2017-02-08 21:23:15.893609+00:00,0,1,,,1,12,7,0.1,0.125,0.03,0.0,0.375,0.375,0.01125,0.003225,1,0.00,1,8,7kt2b4w3,,,,,,,,0
2,bxw9n1kt,LEEPS_6,0,1804,1804,hotellingmarkup_payment_20,1,end,128.114.138.3,2017-02-08 21:23:15.922953+00:00,0,1,,,2,12,7,0.1,0.375,0.17,0.0,0.775,0.775,0.13175,0.07545,1,0.00,3,8,7kt2b4w3,,,,,,,,0
3,hglc1vkz,LEEPS_11,0,1804,1804,hotellingmarkup_payment_20,1,end,128.114.138.3,2017-02-08 21:23:15.938289+00:00,0,1,,,3,12,7,0.1,0.625,0.02,0.4,1.0,0.6,0.012,0.002775,1,0.00,2,8,7kt2b4w3,,,,,,,,0
4,0zxo4qdu,LEEPS_3,0,1804,1804,hotellingmarkup_payment_20,1,end,128.114.138.3,2017-02-08 21:23:15.983562+00:00,0,1,,,4,12,7,0.1,0.875,0.2,0.775,1.0,0.225,0.045,0.0133375,1,0.00,3,8,7kt2b4w3,,,,,,,,0
5,6ghgybim,LEEPS_2,0,1804,1804,hotellingmarkup_payment_20,1,end,128.114.138.3,2017-02-08 21:23:15.986814+00:00,0,1,,,3,12,7,0.1,0.625,0.03,0.375,1.0,0.625,0.01875,0.0090125,1,0.00,1,8,7kt2b4w3,,,,,,,,0
6,7j0ajx2i,LEEPS_7,0,1804,1804,hotellingmarkup_payment_20,1,end,128.114.138.3,2017-02-08 21:23:15.993881+00:00,0,1,,,1,12,7,0.1,0.125,0.66,0.0,0.0,0.0,0.0,0.015925,1,0.00,3,8,7kt2b4w3,,,,,,,,0
7,lg8skrrk,LEEPS_8,0,1804,1804,hotellingmarkup_payment_20,1,end,128.114.138.3,2017-02-08 21:23:16.053374+00:00,0,1,,,3,12,7,0.1,0.625,0.85,0.0,0.0,0.0,0.0,0.014,1,0.00,3,8,7kt2b4w3,,,,,,,,0
8,brltr2qq,LEEPS_1,0,1804,1804,hotellingmarkup_payment_20,1,end,128.114.138.3,2017-02-08 21:23:16.058171+00:00,0,1,,,2,12,7,0.1,0.375,0.87,0.0,0.0,0.0,0.0,0.0025,1,0.00,1,8,7kt2b4w3,,,,,,,,0
9,fyfkyoey,LEEPS_10,0,1804,1804,hotellingmarkup_payment_20,1,end,128.114.138.3,2017-02-08 21:23:16.062266+00:00,0,1,,,4,12,7,0.1,0.875,0.06,0.0,0.0,0.0,0.0,0.004275,1,0.00,1,8,7kt2b4w3,,,,,,,,0
10,vd86l11u,LEEPS_9,0,1804,1804,hotellingmarkup_payment_20,1,end,128.114.138.3,2017-02-08 21:23:16.133542+00:00,0,1,,,4,12,7,0.1,0.875,0.54,0.0,0.0,0.0,0.0,0.0009,1,0.00,2,8,7kt2b4w3,,,,,,,,0
11,3s0guyma,LEEPS_4,0,1804,1804,hotellingmarkup_payment_20,1,end,128.114.138.3,2017-02-08 21:23:48.516961+00:00,0,1,,,1,12,7,0.1,0.125,0.04,0.0,0.25,0.25,0.01,0.005975,1,0.00,2,8,7kt2b4w3,,,,,,,,0
12,cz17uo63,LEEPS_5,0,1804,1804,hotellingmarkup_payment_20,1,end,128.114.138.3,2017-02-08 21:24:17.231040+00:00,0,1,,,2,12,7,0.1,0.375,0.04,0.25,0.4,0.15,0.006,0.009225,1,0.00,2,8,7kt2b4w3,,,,,,,,0
1,jzgy40of,LEEPS_12,0,1804,1804,hotellingmarkup_payment_20,1,end,128.114.138.3,2017-02-08 21:23:15.893609+00:00,0,1,,,1,12,7,0.1,0.125,0.03,0.0,0.25,0.25,0.0075,0.0036,1,0.00,1,9,7kt2b4w3,,,,,,,,0
2,bxw9n1kt,LEEPS_6,0,1804,1804,hotellingmarkup_payment_20,1,end,128.114.138.3,2017-02-08 21:23:15.922953+00:00,0,1,,,2,12,7,0.1,0.375,0.19,0.0,1.0,1.0,0.19,0.08495,1,0.00,3,9,7kt2b4w3,,,,,,,,0
3,hglc1vkz,LEEPS_11,0,1804,1804,hotellingmarkup_payment_20,1,end,128.114.138.3,2017-02-08 21:23:15.938289+00:00,0,1,,,3,12,7,0.1,0.625,0.04,0.0,0.0,0.0,0.0,0.002775,1,0.00,2,9,7kt2b4w3,,,,,,,,0
4,0zxo4qdu,LEEPS_3,0,1804,1804,hotellingmarkup_payment_20,1,end,128.114.138.3,2017-02-08 21:23:15.983562+00:00,0,1,,,4,12,7,0.1,0.875,0.45,0.0,0.0,0.0,0.0,0.0133375,1,0.00,3,9,7kt2b4w3,,,,,,,,0
5,6ghgybim,LEEPS_2,0,1804,1804,hotellingmarkup_payment_20,1,end,128.114.138.3,2017-02-08 21:23:15.986814+00:00,0,1,,,3,12,7,0.1,0.625,0.03,0.5,1.0,0.5,0.015,0.0097625,1,0.00,1,9,7kt2b4w3,,,,,,,,0
6,7j0ajx2i,LEEPS_7,0,1804,1804,hotellingmarkup_payment_20,1,end,128.114.138.3,2017-02-08 21:23:15.993881+00:00,0,1,,,1,12,7,0.1,0.125,0.78,0.0,0.0,0.0,0.0,0.015925,1,0.00,3,9,7kt2b4w3,,,,,,,,0
7,lg8skrrk,LEEPS_8,0,1804,1804,hotellingmarkup_payment_20,1,end,128.114.138.3,2017-02-08 21:23:16.053374+00:00,0,1,,,3,12,7,0.1,0.625,0.83,0.0,0.0,0.0,0.0,0.014,1,0.00,3,9,7kt2b4w3,,,,,,,,0
8,brltr2qq,LEEPS_1,0,1804,1804,hotellingmarkup_payment_20,1,end,128.114.138.3,2017-02-08 21:23:16.058171+00:00,0,1,,,2,12,7,0.1,0.375,0.03,0.25,0.5,0.25,0.0075,0.002875,1,0.00,1,9,7kt2b4w3,,,,,,,,0
9,fyfkyoey,LEEPS_10,0,1804,1804,hotellingmarkup_payment_20,1,end,128.114.138.3,2017-02-08 21:23:16.062266+00:00,0,1,,,4,12,7,0.1,0.875,0.06,0.0,0.0,0.0,0.0,0.004275,1,0.00,1,9,7kt2b4w3,,,,,,,,0
10,vd86l11u,LEEPS_9,0,1804,1804,hotellingmarkup_payment_20,1,end,128.114.138.3,2017-02-08 21:23:16.133542+00:00,0,1,,,4,12,7,0.1,0.875,0.54,0.0,0.0,0.0,0.0,0.0009,1,0.00,2,9,7kt2b4w3,,,,,,,,0
11,3s0guyma,LEEPS_4,0,1804,1804,hotellingmarkup_payment_20,1,end,128.114.138.3,2017-02-08 21:23:48.516961+00:00,0,1,,,1,12,7,0.1,0.125,0.03,0.0,0.15,0.15,0.0045,0.0062,1,0.00,2,9,7kt2b4w3,,,,,,,,0
12,cz17uo63,LEEPS_5,0,1804,1804,hotellingmarkup_payment_20,1,end,128.114.138.3,2017-02-08 21:24:17.231040+00:00,0,1,,,2,12,7,0.1,0.375,0.01,0.15,1.0,0.85,0.0085,0.00965,1,0.00,2,9,7kt2b4w3,,,,,,,,0
1,jzgy40of,LEEPS_12,0,1804,1804,hotellingmarkup_payment_20,1,end,128.114.138.3,2017-02-08 21:23:15.893609+00:00,0,1,,,1,12,7,0.1,0.125,0.03,0.0,0.25,0.25,0.0075,0.003975,1,0.00,1,10,7kt2b4w3,,,,,,,,0
2,bxw9n1kt,LEEPS_6,0,1804,1804,hotellingmarkup_payment_20,1,end,128.114.138.3,2017-02-08 21:23:15.922953+00:00,0,1,,,2,12,7,0.1,0.375,0.35,0.0,1.0,1.0,0.35,0.10245,1,0.00,3,10,7kt2b4w3,,,,,,,,0
3,hglc1vkz,LEEPS_11,0,1804,1804,hotellingmarkup_payment_20,1,end,128.114.138.3,2017-02-08 21:23:15.938289+00:00,0,1,,,3,12,7,0.1,0.625,0.01,0.275,1.0,0.725,0.00725,0.0031375,1,0.00,2,10,7kt2b4w3,,,,,,,,0
4,0zxo4qdu,LEEPS_3,0,1804,1804,hotellingmarkup_payment_20,1,end,128.114.138.3,2017-02-08 21:23:15.983562+00:00,0,1,,,4,12,7,0.1,0.875,0.45,0.0,0.0,0.0,0.0,0.0133375,1,0.00,3,10,7kt2b4w3,,,,,,,,0
5,6ghgybim,LEEPS_2,0,1804,1804,hotellingmarkup_payment_20,1,end,128.114.138.3,2017-02-08 21:23:15.986814+00:00,0,1,,,3,12,7,0.1,0.625,0.03,0.5,0.85,0.35,0.0105,0.0102875,1,0.00,1,10,7kt2b4w3,,,,,,,,0
6,7j0ajx2i,LEEPS_7,0,1804,1804,hotellingmarkup_payment_20,1,end,128.114.138.3,2017-02-08 21:23:15.993881+00:00,0,1,,,1,12,7,0.1,0.125,0.63,0.0,0.0,0.0,0.0,0.015925,1,0.00,3,10,7kt2b4w3,,,,,,,,0
7,lg8skrrk,LEEPS_8,0,1804,1804,hotellingmarkup_payment_20,1,end,128.114.138.3,2017-02-08 21:23:16.053374+00:00,0,1,,,3,12,7,0.1,0.625,0.82,0.0,0.0,0.0,0.0,0.014,1,0.00,3,10,7kt2b4w3,,,,,,,,0
8,brltr2qq,LEEPS_1,0,1804,1804,hotellingmarkup_payment_20,1,end,128.114.138.3,2017-02-08 21:23:16.058171+00:00,0,1,,,2,12,7,0.1,0.375,0.03,0.25,0.5,0.25,0.0075,0.00325,1,0.00,1,10,7kt2b4w3,,,,,,,,0
9,fyfkyoey,LEEPS_10,0,1804,1804,hotellingmarkup_payment_20,1,end,128.114.138.3,2017-02-08 21:23:16.062266+00:00,0,1,,,4,12,7,0.1,0.875,0.05,0.85,1.0,0.15,0.0075,0.00465,1,0.00,1,10,7kt2b4w3,,,,,,,,0
10,vd86l11u,LEEPS_9,0,1804,1804,hotellingmarkup_payment_20,1,end,128.114.138.3,2017-02-08 21:23:16.133542+00:00,0,1,,,4,12,7,0.1,0.875,0.54,0.0,0.0,0.0,0.0,0.0009,1,0.00,2,10,7kt2b4w3,,,,,,,,0
11,3s0guyma,LEEPS_4,0,1804,1804,hotellingmarkup_payment_20,1,end,128.114.138.3,2017-02-08 21:23:48.516961+00:00,0,1,,,1,12,7,0.1,0.125,0.03,0.0,0.275,0.275,0.00825,0.0066125,1,0.00,2,10,7kt2b4w3,,,,,,,,0
12,cz17uo63,LEEPS_5,0,1804,1804,hotellingmarkup_payment_20,1,end,128.114.138.3,2017-02-08 21:24:17.231040+00:00,0,1,,,2,12,7,0.1,0.375,0.04,0.0,0.0,0.0,0.0,0.00965,1,0.00,2,10,7kt2b4w3,,,,,,,,0
1,jzgy40of,LEEPS_12,0,1804,1804,hotellingmarkup_payment_20,1,end,128.114.138.3,2017-02-08 21:23:15.893609+00:00,0,1,,,1,12,7,0.1,0.125,0.03,0.0,0.425,0.425,0.01275,0.0046125,1,0.00,1,11,7kt2b4w3,,,,,,,,0
2,bxw9n1kt,LEEPS_6,0,1804,1804,hotellingmarkup_payment_20,1,end,128.114.138.3,2017-02-08 21:23:15.922953+00:00,0,1,,,2,12,7,0.1,0.375,0.35,0.0,0.0,0.0,0.0,0.10245,1,0.00,3,11,7kt2b4w3,,,,,,,,0
3,hglc1vkz,LEEPS_11,0,1804,1804,hotellingmarkup_payment_20,1,end,128.114.138.3,2017-02-08 21:23:15.938289+00:00,0,1,,,3,12,7,0.1,0.625,0.03,0.5,1.0,0.5,0.015,0.0038875,1,0.00,2,11,7kt2b4w3,,,,,,,,0
4,0zxo4qdu,LEEPS_3,0,1804,1804,hotellingmarkup_payment_20,1,end,128.114.138.3,2017-02-08 21:23:15.983562+00:00,0,1,,,4,12,7,0.1,0.875,0.36,0.7,1.0,0.3,0.108,0.0187375,1,0.00,3,11,7kt2b4w3,,,,,,,,0
5,6ghgybim,LEEPS_2,0,1804,1804,hotellingmarkup_payment_20,1,end,128.114.138.3,2017-02-08 21:23:15.986814+00:00,0,1,,,3,12,7,0.1,0.625,0.04,0.425,0.8,0.375,0.015,0.0110375,1,0.00,1,11,7kt2b4w3,,,,,,,,0
6,7j0ajx2i,LEEPS_7,0,1804,1804,hotellingmarkup_payment_20,1,end,128.114.138.3,2017-02-08 21:23:15.993881+00:00,0,1,,,1,12,7,0.1,0.125,0.32,0.0,0.7,0.7,0.224,0.027125,1,0.00,3,11,7kt2b4w3,,,,,,,,0
7,lg8skrrk,LEEPS_8,0,1804,1804,hotellingmarkup_payment_20,1,end,128.114.138.3,2017-02-08 21:23:16.053374+00:00,0,1,,,3,12,7,0.1,0.625,0.84,0.0,0.0,0.0,0.0,0.014,1,0.00,3,11,7kt2b4w3,,,,,,,,0
8,brltr2qq,LEEPS_1,0,1804,1804,hotellingmarkup_payment_20,1,end,128.114.138.3,2017-02-08 21:23:16.058171+00:00,0,1,,,2,12,7,0.1,0.375,0.95,0.0,0.0,0.0,0.0,0.00325,1,0.00,1,11,7kt2b4w3,,,,,,,,0
9,fyfkyoey,LEEPS_10,0,1804,1804,hotellingmarkup_payment_20,1,end,128.114.138.3,2017-02-08 21:23:16.062266+00:00,0,1,,,4,12,7,0.1,0.875,0.05,0.8,1.0,0.2,0.01,0.00515,1,0.00,1,11,7kt2b4w3,,,,,,,,0
10,vd86l11u,LEEPS_9,0,1804,1804,hotellingmarkup_payment_20,1,end,128.114.138.3,2017-02-08 21:23:16.133542+00:00,0,1,,,4,12,7,0.1,0.875,0.54,0.0,0.0,0.0,0.0,0.0009,1,0.00,2,11,7kt2b4w3,,,,,,,,0
11,3s0guyma,LEEPS_4,0,1804,1804,hotellingmarkup_payment_20,1,end,128.114.138.3,2017-02-08 21:23:48.516961+00:00,0,1,,,1,12,7,0.1,0.125,0.03,0.0,0.25,0.25,0.0075,0.0069875,1,0.00,2,11,7kt2b4w3,,,,,,,,0
12,cz17uo63,LEEPS_5,0,1804,1804,hotellingmarkup_payment_20,1,end,128.114.138.3,2017-02-08 21:24:17.231040+00:00,0,1,,,2,12,7,0.1,0.375,0.03,0.25,0.5,0.25,0.0075,0.010025,1,0.00,2,11,7kt2b4w3,,,,,,,,0
1,jzgy40of,LEEPS_12,0,1804,1804,hotellingmarkup_payment_20,1,end,128.114.138.3,2017-02-08 21:23:15.893609+00:00,0,1,,,1,12,7,0.1,0.125,0.03,0.0,0.475,0.475,0.01425,0.005325,1,0.00,1,12,7kt2b4w3,,,,,,,,0
2,bxw9n1kt,LEEPS_6,0,1804,1804,hotellingmarkup_payment_20,1,end,128.114.138.3,2017-02-08 21:23:15.922953+00:00,0,1,,,2,12,7,0.1,0.375,0.25,0.0,1.0,1.0,0.25,0.11495,1,0.00,3,12,7kt2b4w3,,,,,,,,0
3,hglc1vkz,LEEPS_11,0,1804,1804,hotellingmarkup_payment_20,1,end,128.114.138.3,2017-02-08 21:23:15.938289+00:00,0,1,,,3,12,7,0.1,0.625,0.05,0.0,0.0,0.0,0.0,0.0038875,1,0.00,2,12,7kt2b4w3,,,,,,,,0
4,0zxo4qdu,LEEPS_3,0,1804,1804,hotellingmarkup_payment_20,1,end,128.114.138.3,2017-02-08 21:23:15.983562+00:00,0,1,,,4,12,7,0.1,0.875,0.38,0.0,0.0,0.0,0.0,0.0187375,1,0.00,3,12,7kt2b4w3,,,,,,,,0
5,6ghgybim,LEEPS_2,0,1804,1804,hotellingmarkup_payment_20,1,end,128.114.138.3,2017-02-08 21:23:15.986814+00:00,0,1,,,3,12,7,0.1,0.625,0.05,0.475,0.75,0.275,0.01375,0.011725,1,0.00,1,12,7kt2b4w3,,,,,,,,0
6,7j0ajx2i,LEEPS_7,0,1804,1804,hotellingmarkup_payment_20,1,end,128.114.138.3,2017-02-08 21:23:15.993881+00:00,0,1,,,1,12,7,0.1,0.125,0.31,0.0,0.0,0.0,0.0,0.027125,1,0.00,3,12,7kt2b4w3,,,,,,,,0
7,lg8skrrk,LEEPS_8,0,1804,1804,hotellingmarkup_payment_20,1,end,128.114.138.3,2017-02-08 21:23:16.053374+00:00,0,1,,,3,12,7,0.1,0.625,0.86,0.0,0.0,0.0,0.0,0.014,1,0.00,3,12,7kt2b4w3,,,,,,,,0
8,brltr2qq,LEEPS_1,0,1804,1804,hotellingmarkup_payment_20,1,end,128.114.138.3,2017-02-08 21:23:16.058171+00:00,0,1,,,2,12,7,0.1,0.375,0.95,0.0,0.0,0.0,0.0,0.00325,1,0.00,1,12,7kt2b4w3,,,,,,,,0
9,fyfkyoey,LEEPS_10,0,1804,1804,hotellingmarkup_payment_20,1,end,128.114.138.3,2017-02-08 21:23:16.062266+00:00,0,1,,,4,12,7,0.1,0.875,0.05,0.75,1.0,0.25,0.0125,0.005775,1,0.00,1,12,7kt2b4w3,,,,,,,,0
10,vd86l11u,LEEPS_9,0,1804,1804,hotellingmarkup_payment_20,1,end,128.114.138.3,2017-02-08 21:23:16.133542+00:00,0,1,,,4,12,7,0.1,0.875,0.0,0.35,1.0,0.65,0.0,0.0009,1,0.00,2,12,7kt2b4w3,,,,,,,,0
11,3s0guyma,LEEPS_4,0,1804,1804,hotellingmarkup_payment_20,1,end,128.114.138.3,2017-02-08 21:23:48.516961+00:00,0,1,,,1,12,7,0.1,0.125,0.03,0.0,0.35,0.35,0.0105,0.0075125,1,0.00,2,12,7kt2b4w3,,,,,,,,0
12,cz17uo63,LEEPS_5,0,1804,1804,hotellingmarkup_payment_20,1,end,128.114.138.3,2017-02-08 21:24:17.231040+00:00,0,1,,,2,12,7,0.1,0.375,0.05,0.0,0.0,0.0,0.0,0.010025,1,0.00,2,12,7kt2b4w3,,,,,,,,0
1,jzgy40of,LEEPS_12,0,1804,1804,hotellingmarkup_payment_20,1,end,128.114.138.3,2017-02-08 21:23:15.893609+00:00,0,1,,,1,12,7,0.1,0.125,0.03,0.0,0.375,0.375,0.01125,0.0058875,1,0.00,1,13,7kt2b4w3,,,,,,,,0
2,bxw9n1kt,LEEPS_6,0,1804,1804,hotellingmarkup_payment_20,1,end,128.114.138.3,2017-02-08 21:23:15.922953+00:00,0,1,,,2,12,7,0.1,0.375,0.23,0.0,0.0,0.0,0.0,0.11495,1,0.00,3,13,7kt2b4w3,,,,,,,,0
3,hglc1vkz,LEEPS_11,0,1804,1804,hotellingmarkup_payment_20,1,end,128.114.138.3,2017-02-08 21:23:15.938289+00:00,0,1,,,3,12,7,0.1,0.625,0.03,0.55,0.8,0.25,0.0075,0.0042625,1,0.00,2,13,7kt2b4w3,,,,,,,,0
4,0zxo4qdu,LEEPS_3,0,1804,1804,hotellingmarkup_payment_20,1,end,128.114.138.3,2017-02-08 21:23:15.983562+00:00,0,1,,,4,12,7,0.1,0.875,0.28,0.0,0.0,0.0,0.0,0.0187375,1,0.00,3,13,7kt2b4w3,,,,,,,,0
5,6ghgybim,LEEPS_2,0,1804,1804,hotellingmarkup_payment_20,1,end,128.114.138.3,2017-02-08 21:23:15.986814+00:00,0,1,,,3,12,7,0.1,0.625,0.03,0.375,0.85,0.475,0.01425,0.0124375,1,0.00,1,13,7kt2b4w3,,,,,,,,0
6,7j0ajx2i,LEEPS_7,0,1804,1804,hotellingmarkup_payment_20,1,end,128.114.138.3,2017-02-08 21:23:15.993881+00:00,0,1,,,1,12,7,0.1,0.125,0.2,0.0,1.0,1.0,0.2,0.037125,1,0.00,3,13,7kt2b4w3,,,,,,,,0
7,lg8skrrk,LEEPS_8,0,1804,1804,hotellingmarkup_payment_20,1,end,128.114.138.3,2017-02-08 21:23:16.053374+00:00,0,1,,,3,12,7,0.1,0.625,0.86,0.0,0.0,0.0,0.0,0.014,1,0.00,3,13,7kt2b4w3,,,,,,,,0
8,brltr2qq,LEEPS_1,0,1804,1804,hotellingmarkup_payment_20,1,end,128.114.138.3,2017-02-08 21:23:16.058171+00:00,0,1,,,2,12,7,0.1,0.375,0.95,0.0,0.0,0.0,0.0,0.00325,1,0.00,1,13,7kt2b4w3,,,,,,,,0
9,fyfkyoey,LEEPS_10,0,1804,1804,hotellingmarkup_payment_20,1,end,128.114.138.3,2017-02-08 21:23:16.062266+00:00,0,1,,,4,12,7,0.1,0.875,0.05,0.85,1.0,0.15,0.0075,0.00615,1,0.00,1,13,7kt2b4w3,,,,,,,,0
10,vd86l11u,LEEPS_9,0,1804,1804,hotellingmarkup_payment_20,1,end,128.114.138.3,2017-02-08 21:23:16.133542+00:00,0,1,,,4,12,7,0.1,0.875,0.04,0.8,1.0,0.2,0.008,0.0013,1,0.00,2,13,7kt2b4w3,,,,,,,,0
11,3s0guyma,LEEPS_4,0,1804,1804,hotellingmarkup_payment_20,1,end,128.114.138.3,2017-02-08 21:23:48.516961+00:00,0,1,,,1,12,7,0.1,0.125,0.03,0.0,0.2,0.2,0.006,0.0078125,1,0.00,2,13,7kt2b4w3,,,,,,,,0
12,cz17uo63,LEEPS_5,0,1804,1804,hotellingmarkup_payment_20,1,end,128.114.138.3,2017-02-08 21:24:17.231040+00:00,0,1,,,2,12,7,0.1,0.375,0.02,0.2,0.55,0.35,0.007,0.010375,1,0.00,2,13,7kt2b4w3,,,,,,,,0
1,jzgy40of,LEEPS_12,0,1804,1804,hotellingmarkup_payment_20,1,end,128.114.138.3,2017-02-08 21:23:15.893609+00:00,0,1,,,1,12,7,0.1,0.125,0.03,0.0,0.375,0.375,0.01125,0.00645,1,0.00,1,14,7kt2b4w3,,,,,,,,0
2,bxw9n1kt,LEEPS_6,0,1804,1804,hotellingmarkup_payment_20,1,end,128.114.138.3,2017-02-08 21:23:15.922953+00:00,0,1,,,2,12,7,0.1,0.375,0.19,0.2,1.0,0.8,0.152,0.12255,1,0.00,3,14,7kt2b4w3,,,,,,,,0
3,hglc1vkz,LEEPS_11,0,1804,1804,hotellingmarkup_payment_20,1,end,128.114.138.3,2017-02-08 21:23:15.938289+00:00,0,1,,,3,12,7,0.1,0.625,0.04,0.6,0.75,0.15,0.006,0.0045625,1,0.00,2,14,7kt2b4w3,,,,,,,,0
4,0zxo4qdu,LEEPS_3,0,1804,1804,hotellingmarkup_payment_20,1,end,128.114.138.3,2017-02-08 21:23:15.983562+00:00,0,1,,,4,12,7,0.1,0.875,0.26,0.0,0.0,0.0,0.0,0.0187375,1,0.00,3,14,7kt2b4w3,,,,,,,,0
5,6ghgybim,LEEPS_2,0,1804,1804,hotellingmarkup_payment_20,1,end,128.114.138.3,2017-02-08 21:23:15.986814+00:00,0,1,,,3,12,7,0.1,0.625,0.03,0.375,0.85,0.475,0.01425,0.01315,1,0.00,1,14,7kt2b4w3,,,,,,,,0
6,7j0ajx2i,LEEPS_7,0,1804,1804,hotellingmarkup_payment_20,1,end,128.114.138.3,2017-02-08 21:23:15.993881+00:00,0,1,,,1,12,7,0.1,0.125,0.2,0.0,0.2,0.2,0.04,0.039125,1,0.00,3,14,7kt2b4w3,,,,,,,,0
7,lg8skrrk,LEEPS_8,0,1804,1804,hotellingmarkup_payment_20,1,end,128.114.138.3,2017-02-08 21:23:16.053374+00:00,0,1,,,3,12,7,0.1,0.625,0.88,0.0,0.0,0.0,0.0,0.014,1,0.00,3,14,7kt2b4w3,,,,,,,,0
8,brltr2qq,LEEPS_1,0,1804,1804,hotellingmarkup_payment_20,1,end,128.114.138.3,2017-02-08 21:23:16.058171+00:00,0,1,,,2,12,7,0.1,0.375,0.95,0.0,0.0,0.0,0.0,0.00325,1,0.00,1,14,7kt2b4w3,,,,,,,,0
9,fyfkyoey,LEEPS_10,0,1804,1804,hotellingmarkup_payment_20,1,end,128.114.138.3,2017-02-08 21:23:16.062266+00:00,0,1,,,4,12,7,0.1,0.875,0.05,0.85,1.0,0.15,0.0075,0.006525,1,0.00,1,14,7kt2b4w3,,,,,,,,0
10,vd86l11u,LEEPS_9,0,1804,1804,hotellingmarkup_payment_20,1,end,128.114.138.3,2017-02-08 21:23:16.133542+00:00,0,1,,,4,12,7,0.1,0.875,0.04,0.75,1.0,0.25,0.01,0.0018,1,0.00,2,14,7kt2b4w3,,,,,,,,0
11,3s0guyma,LEEPS_4,0,1804,1804,hotellingmarkup_payment_20,1,end,128.114.138.3,2017-02-08 21:23:48.516961+00:00,0,1,,,1,12,7,0.1,0.125,0.03,0.0,0.2,0.2,0.006,0.0081125,1,0.00,2,14,7kt2b4w3,,,,,,,,0
12,cz17uo63,LEEPS_5,0,1804,1804,hotellingmarkup_payment_20,1,end,128.114.138.3,2017-02-08 21:24:17.231040+00:00,0,1,,,2,12,7,0.1,0.375,0.02,0.2,0.6,0.4,0.008,0.010775,1,0.00,2,14,7kt2b4w3,,,,,,,,0
1,jzgy40of,LEEPS_12,0,1804,1804,hotellingmarkup_payment_20,1,end,128.114.138.3,2017-02-08 21:23:15.893609+00:00,0,1,,,1,12,7,0.1,0.125,0.03,0.0,0.325,0.325,0.00975,0.0069375,1,0.00,1,15,7kt2b4w3,,,,,,,,0
2,bxw9n1kt,LEEPS_6,0,1804,1804,hotellingmarkup_payment_20,1,end,128.114.138.3,2017-02-08 21:23:15.922953+00:00,0,1,,,2,12,7,0.1,0.375,0.19,0.0,0.0,0.0,0.0,0.12255,1,0.00,3,15,7kt2b4w3,,,,,,,,0
3,hglc1vkz,LEEPS_11,0,1804,1804,hotellingmarkup_payment_20,1,end,128.114.138.3,2017-02-08 21:23:15.938289+00:00,0,1,,,3,12,7,0.1,0.625,0.03,0.6,0.8,0.2,0.006,0.0048625,1,0.00,2,15,7kt2b4w3,,,,,,,,0
4,0zxo4qdu,LEEPS_3,0,1804,1804,hotellingmarkup_payment_20,1,end,128.114.138.3,2017-02-08 21:23:15.983562+00:00,0,1,,,4,12,7,0.1,0.875,0.12,0.45,1.0,0.55,0.066,0.0220375,1,0.00,3,15,7kt2b4w3,,,,,,,,0
5,6ghgybim,LEEPS_2,0,1804,1804,hotellingmarkup_payment_20,1,end,128.114.138.3,2017-02-08 21:23:15.986814+00:00,0,1,,,3,12,7,0.1,0.625,0.02,0.325,1.0,0.675,0.0135,0.013825,1,0.00,1,15,7kt2b4w3,,,,,,,,0
6,7j0ajx2i,LEEPS_7,0,1804,1804,hotellingmarkup_payment_20,1,end,128.114.138.3,2017-02-08 21:23:15.993881+00:00,0,1,,,1,12,7,0.1,0.125,0.13,0.0,0.45,0.45,0.0585,0.04205,1,0.00,3,15,7kt2b4w3,,,,,,,,0
7,lg8skrrk,LEEPS_8,0,1804,1804,hotellingmarkup_payment_20,1,end,128.114.138.3,2017-02-08 21:23:16.053374+00:00,0,1,,,3,12,7,0.1,0.625,0.88,0.0,0.0,0.0,0.0,0.014,1,0.00,3,15,7kt2b4w3,,,,,,,,0
8,brltr2qq,LEEPS_1,0,1804,1804,hotellingmarkup_payment_20,1,end,128.114.138.3,2017-02-08 21:23:16.058171+00:00,0,1,,,2,12,7,0.1,0.375,0.95,0.0,0.0,0.0,0.0,0.00325,1,0.00,1,15,7kt2b4w3,,,,,,,,0
9,fyfkyoey,LEEPS_10,0,1804,1804,hotellingmarkup_payment_20,1,end,128.114.138.3,2017-02-08 21:23:16.062266+00:00,0,1,,,4,12,7,0.1,0.875,0.05,0.0,0.0,0.0,0.0,0.006525,1,0.00,1,15,7kt2b4w3,,,,,,,,0
10,vd86l11u,LEEPS_9,0,1804,1804,hotellingmarkup_payment_20,1,end,128.114.138.3,2017-02-08 21:23:16.133542+00:00,0,1,,,4,12,7,0.1,0.875,0.04,0.8,1.0,0.2,0.008,0.0022,1,0.00,2,15,7kt2b4w3,,,,,,,,0
11,3s0guyma,LEEPS_4,0,1804,1804,hotellingmarkup_payment_20,1,end,128.114.138.3,2017-02-08 21:23:48.516961+00:00,0,1,,,1,12,7,0.1,0.125,0.03,0.0,0.15,0.15,0.0045,0.0083375,1,0.00,2,15,7kt2b4w3,,,,,,,,0
12,cz17uo63,LEEPS_5,0,1804,1804,hotellingmarkup_payment_20,1,end,128.114.138.3,2017-02-08 21:24:17.231040+00:00,0,1,,,2,12,7,0.1,0.375,0.01,0.15,0.6,0.45,0.0045,0.011,1,0.00,2,15,7kt2b4w3,,,,,,,,0
1,jzgy40of,LEEPS_12,0,1804,1804,hotellingmarkup_payment_20,1,end,128.114.138.3,2017-02-08 21:23:15.893609+00:00,0,1,,,1,12,7,0.1,0.125,0.03,0.0,0.3,0.3,0.009,0.0073875,1,0.00,1,16,7kt2b4w3,,,,,,,,0
2,bxw9n1kt,LEEPS_6,0,1804,1804,hotellingmarkup_payment_20,1,end,128.114.138.3,2017-02-08 21:23:15.922953+00:00,0,1,,,2,12,7,0.1,0.375,0.14,0.2,0.625,0.425,0.0595,0.125525,1,0.00,3,16,7kt2b4w3,,,,,,,,0
3,hglc1vkz,LEEPS_11,0,1804,1804,hotellingmarkup_payment_20,1,end,128.114.138.3,2017-02-08 21:23:15.938289+00:00,0,1,,,3,12,7,0.1,0.625,0.08,0.0,0.0,0.0,0.0,0.0048625,1,0.00,2,16,7kt2b4w3,,,,,,,,0
4,0zxo4qdu,LEEPS_3,0,1804,1804,hotellingmarkup_payment_20,1,end,128.114.138.3,2017-02-08 21:23:15.983562+00:00,0,1,,,4,12,7,0.1,0.875,0.14,0.625,1.0,0.375,0.0525,0.0246625,1,0.00,3,16,7kt2b4w3,,,,,,,,0
5,6ghgybim,LEEPS_2,0,1804,1804,hotellingmarkup_payment_20,1,end,128.114.138.3,2017-02-08 21:23:15.986814+00:00,0,1,,,3,12,7,0.1,0.625,0.05,0.55,0.7,0.15,0.0075,0.0142,1,0.00,1,16,7kt2b4w3,,,,,,,,0
6,7j0ajx2i,LEEPS_7,0,1804,1804,hotellingmarkup_payment_20,1,end,128.114.138.3,2017-02-08 21:23:15.993881+00:00,0,1,,,1,12,7,0.1,0.125,0.15,0.0,0.2,0.2,0.03,0.04355,1,0.00,3,16,7kt2b4w3,,,,,,,,0
7,lg8skrrk,LEEPS_8,0,1804,1804,hotellingmarkup_payment_20,1,end,128.114.138.3,2017-02-08 21:23:16.053374+00:00,0,1,,,3,12,7,0.1,0.625,0.88,0.0,0.0,0.0,0.0,0.014,1,0.00,3,16,7kt2b4w3,,,,,,,,0
8,brltr2qq,LEEPS_1,0,1804,1804,hotellingmarkup_payment_20,1,end,128.114.138.3,2017-02-08 21:23:16.058171+00:00,0,1,,,2,12,7,0.1,0.375,0.04,0.3,0.55,0.25,0.01,0.00375,1,0.00,1,16,7kt2b4w3,,,,,,,,0
9,fyfkyoey,LEEPS_10,0,1804,1804,hotellingmarkup_payment_20,1,end,128.114.138.3,2017-02-08 21:23:16.062266+00:00,0,1,,,4,12,7,0.1,0.875,0.04,0.7,1.0,0.3,0.012,0.007125,1,0.00,1,16,7kt2b4w3,,,,,,,,0
10,vd86l11u,LEEPS_9,0,1804,1804,hotellingmarkup_payment_20,1,end,128.114.138.3,2017-02-08 21:23:16.133542+00:00,0,1,,,4,12,7,0.1,0.875,0.04,0.675,1.0,0.325,0.013,0.00285,1,0.00,2,16,7kt2b4w3,,,,,,,,0
11,3s0guyma,LEEPS_4,0,1804,1804,hotellingmarkup_payment_20,1,end,128.114.138.3,2017-02-08 21:23:48.516961+00:00,0,1,,,1,12,7,0.1,0.125,0.03,0.0,0.25,0.25,0.0075,0.0087125,1,0.00,2,16,7kt2b4w3,,,,,,,,0
12,cz17uo63,LEEPS_5,0,1804,1804,hotellingmarkup_payment_20,1,end,128.114.138.3,2017-02-08 21:24:17.231040+00:00,0,1,,,2,12,7,0.1,0.375,0.03,0.25,0.675,0.425,0.01275,0.0116375,1,0.00,2,16,7kt2b4w3,,,,,,,,0
1,jzgy40of,LEEPS_12,0,1804,1804,hotellingmarkup_payment_20,1,end,128.114.138.3,2017-02-08 21:23:15.893609+00:00,0,1,,,1,12,7,0.1,0.125,0.03,0.0,0.3,0.3,0.009,0.0078375,1,0.00,1,17,7kt2b4w3,,,,,,,,0
2,bxw9n1kt,LEEPS_6,0,1804,1804,hotellingmarkup_payment_20,1,end,128.114.138.3,2017-02-08 21:23:15.922953+00:00,0,1,,,2,12,7,0.1,0.375,0.15,0.0,0.0,0.0,0.0,0.125525,1,0.00,3,17,7kt2b4w3,,,,,,,,0
3,hglc1vkz,LEEPS_11,0,1804,1804,hotellingmarkup_payment_20,1,end,128.114.138.3,2017-02-08 21:23:15.938289+00:00,0,1,,,3,12,7,0.1,0.625,0.04,0.45,0.75,0.3,0.012,0.0054625,1,0.00,2,17,7kt2b4w3,,,,,,,,0
4,0zxo4qdu,LEEPS_3,0,1804,1804,hotellingmarkup_payment_20,1,end,128.114.138.3,2017-02-08 21:23:15.983562+00:00,0,1,,,4,12,7,0.1,0.875,0.08,0.15,1.0,0.85,0.068,0.0280625,1,0.00,3,17,7kt2b4w3,,,,,,,,0
5,6ghgybim,LEEPS_2,0,1804,1804,hotellingmarkup_payment_20,1,end,128.114.138.3,2017-02-08 21:23:15.986814+00:00,0,1,,,3,12,7,0.1,0.625,0.02,0.4,0.8,0.4,0.008,0.0146,1,0.00,1,17,7kt2b4w3,,,,,,,,0
6,7j0ajx2i,LEEPS_7,0,1804,1804,hotellingmarkup_payment_20,1,end,128.114.138.3,2017-02-08 21:23:15.993881+00:00,0,1,,,1,12,7,0.1,0.125,0.15,0.0,0.15,0.15,0.0225,0.044675,1,0.00,3,17,7kt2b4w3,,,,,,,,0
7,lg8skrrk,LEEPS_8,0,1804,1804,hotellingmarkup_payment_20,1,end,128.114.138.3,2017-02-08 21:23:16.053374+00:00,0,1,,,3,12,7,0.1,0.625,0.88,0.0,0.0,0.0,0.0,0.014,1,0.00,3,17,7kt2b4w3,,,,,,,,0
8,brltr2qq,LEEPS_1,0,1804,1804,hotellingmarkup_payment_20,1,end,128.114.138.3,2017-02-08 21:23:16.058171+00:00,0,1,,,2,12,7,0.1,0.375,0.04,0.3,0.4,0.1,0.004,0.00395,1,0.00,1,17,7kt2b4w3,,,,,,,,0
9,fyfkyoey,LEEPS_10,0,1804,1804,hotellingmarkup_payment_20,1,end,128.114.138.3,2017-02-08 21:23:16.062266+00:00,0,1,,,4,12,7,0.1,0.875,0.03,0.8,1.0,0.2,0.006,0.007425,1,0.00,1,17,7kt2b4w3,,,,,,,,0
10,vd86l11u,LEEPS_9,0,1804,1804,hotellingmarkup_payment_20,1,end,128.114.138.3,2017-02-08 21:23:16.133542+00:00,0,1,,,4,12,7,0.1,0.875,0.04,0.75,1.0,0.25,0.01,0.00335,1,0.00,2,17,7kt2b4w3,,,,,,,,0
11,3s0guyma,LEEPS_4,0,1804,1804,hotellingmarkup_payment_20,1,end,128.114.138.3,2017-02-08 21:23:48.516961+00:00,0,1,,,1,12,7,0.1,0.125,0.03,0.0,0.35,0.35,0.0105,0.0092375,1,0.00,2,17,7kt2b4w3,,,,,,,,0
12,cz17uo63,LEEPS_5,0,1804,1804,hotellingmarkup_payment_20,1,end,128.114.138.3,2017-02-08 21:24:17.231040+00:00,0,1,,,2,12,7,0.1,0.375,0.05,0.35,0.45,0.1,0.005,0.0118875,1,0.00,2,17,7kt2b4w3,,,,,,,,0
1,jzgy40of,LEEPS_12,0,1804,1804,hotellingmarkup_payment_20,1,end,128.114.138.3,2017-02-08 21:23:15.893609+00:00,0,1,,,1,12,7,0.1,0.125,0.03,0.0,0.3,0.3,0.009,0.0082875,1,0.00,1,18,7kt2b4w3,,,,,,,,0
2,bxw9n1kt,LEEPS_6,0,1804,1804,hotellingmarkup_payment_20,1,end,128.114.138.3,2017-02-08 21:23:15.922953+00:00,0,1,,,2,12,7,0.1,0.375,0.12,0.0,0.0,0.0,0.0,0.125525,1,0.00,3,18,7kt2b4w3,,,,,,,,0
3,hglc1vkz,LEEPS_11,0,1804,1804,hotellingmarkup_payment_20,1,end,128.114.138.3,2017-02-08 21:23:15.938289+00:00,0,1,,,3,12,7,0.1,0.625,0.02,0.45,0.75,0.3,0.006,0.0057625,1,0.00,2,18,7kt2b4w3,,,,,,,,0
4,0zxo4qdu,LEEPS_3,0,1804,1804,hotellingmarkup_payment_20,1,end,128.114.138.3,2017-02-08 21:23:15.983562+00:00,0,1,,,4,12,7,0.1,0.875,0.08,0.0,0.0,0.0,0.0,0.0280625,1,0.00,3,18,7kt2b4w3,,,,,,,,0
5,6ghgybim,LEEPS_2,0,1804,1804,hotellingmarkup_payment_20,1,end,128.114.138.3,2017-02-08 21:23:15.986814+00:00,0,1,,,3,12,7,0.1,0.625,0.03,0.45,0.8,0.35,0.0105,0.015125,1,0.00,1,18,7kt2b4w3,,,,,,,,0
6,7j0ajx2i,LEEPS_7,0,1804,1804,hotellingmarkup_payment_20,1,end,128.114.138.3,2017-02-08 21:23:15.993881+00:00,0,1,,,1,12,7,0.1,0.125,0.09,0.0,0.175,0.175,0.01575,0.0454625,1,0.00,3,18,7kt2b4w3,,,,,,,,0
7,lg8skrrk,LEEPS_8,0,1804,1804,hotellingmarkup_payment_20,1,end,128.114.138.3,2017-02-08 21:23:16.053374+00:00,0,1,,,3,12,7,0.1,0.625,0.05,0.175,1.0,0.825,0.04125,0.0160625,1,0.00,3,18,7kt2b4w3,,,,,,,,0
8,brltr2qq,LEEPS_1,0,1804,1804,hotellingmarkup_payment_20,1,end,128.114.138.3,2017-02-08 21:23:16.058171+00:00,0,1,,,2,12,7,0.1,0.375,0.04,0.3,0.45,0.15,0.006,0.00425,1,0.00,1,18,7kt2b4w3,,,,,,,,0
9,fyfkyoey,LEEPS_10,0,1804,1804,hotellingmarkup_payment_20,1,end,128.114.138.3,2017-02-08 21:23:16.062266+00:00,0,1,,,4,12,7,0.1,0.875,0.04,0.8,1.0,0.2,0.008,0.007825,1,0.00,1,18,7kt2b4w3,,,,,,,,0
10,vd86l11u,LEEPS_9,0,1804,1804,hotellingmarkup_payment_20,1,end,128.114.138.3,2017-02-08 21:23:16.133542+00:00,0,1,,,4,12,7,0.1,0.875,0.02,0.75,1.0,0.25,0.005,0.0036,1,0.00,2,18,7kt2b4w3,,,,,,,,0
11,3s0guyma,LEEPS_4,0,1804,1804,hotellingmarkup_payment_20,1,end,128.114.138.3,2017-02-08 21:23:48.516961+00:00,0,1,,,1,12,7,0.1,0.125,0.04,0.0,0.2,0.2,0.008,0.0096375,1,0.00,2,18,7kt2b4w3,,,,,,,,0
12,cz17uo63,LEEPS_5,0,1804,1804,hotellingmarkup_payment_20,1,end,128.114.138.3,2017-02-08 21:24:17.231040+00:00,0,1,,,2,12,7,0.1,0.375,0.03,0.2,0.45,0.25,0.0075,0.0122625,1,0.00,2,18,7kt2b4w3,,,,,,,,0
1,jzgy40of,LEEPS_12,0,1804,1804,hotellingmarkup_payment_20,1,end,128.114.138.3,2017-02-08 21:23:15.893609+00:00,0,1,,,1,12,7,0.1,0.125,0.03,0.0,0.3,0.3,0.009,0.0087375,1,0.00,1,19,7kt2b4w3,,,,,,,,0
2,bxw9n1kt,LEEPS_6,0,1804,1804,hotellingmarkup_payment_20,1,end,128.114.138.3,2017-02-08 21:23:15.922953+00:00,0,1,,,2,12,7,0.1,0.375,0.0,0.0,0.5,0.5,0.0,0.125525,1,0.00,3,19,7kt2b4w3,,,,,,,,0
3,hglc1vkz,LEEPS_11,0,1804,1804,hotellingmarkup_payment_20,1,end,128.114.138.3,2017-02-08 21:23:15.938289+00:00,0,1,,,3,12,7,0.1,0.625,0.04,0.6,0.75,0.15,0.006,0.0060625,1,0.00,2,19,7kt2b4w3,,,,,,,,0
4,0zxo4qdu,LEEPS_3,0,1804,1804,hotellingmarkup_payment_20,1,end,128.114.138.3,2017-02-08 21:23:15.983562+00:00,0,1,,,4,12,7,0.1,0.875,0.06,0.0,0.0,0.0,0.0,0.0280625,1,0.00,3,19,7kt2b4w3,,,,,,,,0
5,6ghgybim,LEEPS_2,0,1804,1804,hotellingmarkup_payment_20,1,end,128.114.138.3,2017-02-08 21:23:15.986814+00:00,0,1,,,3,12,7,0.1,0.625,0.03,0.45,0.8,0.35,0.0105,0.01565,1,0.00,1,19,7kt2b4w3,,,,,,,,0
6,7j0ajx2i,LEEPS_7,0,1804,1804,hotellingmarkup_payment_20,1,end,128.114.138.3,2017-02-08 21:23:15.993881+00:00,0,1,,,1,12,7,0.1,0.125,0.05,0.0,0.0,0.0,0.0,0.0454625,1,0.00,3,19,7kt2b4w3,,,,,,,,0
7,lg8skrrk,LEEPS_8,0,1804,1804,hotellingmarkup_payment_20,1,end,128.114.138.3,2017-02-08 21:23:16.053374+00:00,0,1,,,3,12,7,0.1,0.625,0.0,0.5,1.0,0.5,0.0,0.0160625,1,0.00,3,19,7kt2b4w3,,,,,,,,0
8,brltr2qq,LEEPS_1,0,1804,1804,hotellingmarkup_payment_20,1,end,128.114.138.3,2017-02-08 21:23:16.058171+00:00,0,1,,,2,12,7,0.1,0.375,0.04,0.3,0.45,0.15,0.006,0.00455,1,0.00,1,19,7kt2b4w3,,,,,,,,0
9,fyfkyoey,LEEPS_10,0,1804,1804,hotellingmarkup_payment_20,1,end,128.114.138.3,2017-02-08 21:23:16.062266+00:00,0,1,,,4,12,7,0.1,0.875,0.04,0.8,1.0,0.2,0.008,0.008225,1,0.00,1,19,7kt2b4w3,,,,,,,,0
10,vd86l11u,LEEPS_9,0,1804,1804,hotellingmarkup_payment_20,1,end,128.114.138.3,2017-02-08 21:23:16.133542+00:00,0,1,,,4,12,7,0.1,0.875,0.04,0.75,1.0,0.25,0.01,0.0041,1,0.00,2,19,7kt2b4w3,,,,,,,,0
11,3s0guyma,LEEPS_4,0,1804,1804,hotellingmarkup_payment_20,1,end,128.114.138.3,2017-02-08 21:23:48.516961+00:00,0,1,,,1,12,7,0.1,0.125,0.03,0.0,0.2,0.2,0.006,0.0099375,1,0.00,2,19,7kt2b4w3,,,,,,,,0
12,cz17uo63,LEEPS_5,0,1804,1804,hotellingmarkup_payment_20,1,end,128.114.138.3,2017-02-08 21:24:17.231040+00:00,0,1,,,2,12,7,0.1,0.375,0.02,0.2,0.6,0.4,0.008,0.0126625,1,0.00,2,19,7kt2b4w3,,,,,,,,0
1,jzgy40of,LEEPS_12,0,1804,1804,hotellingmarkup_payment_20,1,end,128.114.138.3,2017-02-08 21:23:15.893609+00:00,0,1,,,1,12,7,0.1,0.125,0.03,0.0,0.3,0.3,0.009,0.0091875,1,0.00,1,20,7kt2b4w3,,,,,,,,0
2,bxw9n1kt,LEEPS_6,0,1804,1804,hotellingmarkup_payment_20,1,end,128.114.138.3,2017-02-08 21:23:15.922953+00:00,0,1,,,2,12,7,0.1,0.375,0.35,0.0,0.0,0.0,0.0,0.125525,1,0.00,3,20,7kt2b4w3,,,,,,,,0
3,hglc1vkz,LEEPS_11,0,1804,1804,hotellingmarkup_payment_20,1,end,128.114.138.3,2017-02-08 21:23:15.938289+00:00,0,1,,,3,12,7,0.1,0.625,0.04,0.0,0.0,0.0,0.0,0.0060625,1,0.00,2,20,7kt2b4w3,,,,,,,,0
4,0zxo4qdu,LEEPS_3,0,1804,1804,hotellingmarkup_payment_20,1,end,128.114.138.3,2017-02-08 21:23:15.983562+00:00,0,1,,,4,12,7,0.1,0.875,0.0,0.75,1.0,0.25,0.0,0.0280625,1,0.00,3,20,7kt2b4w3,,,,,,,,0
5,6ghgybim,LEEPS_2,0,1804,1804,hotellingmarkup_payment_20,1,end,128.114.138.3,2017-02-08 21:23:15.986814+00:00,0,1,,,3,12,7,0.1,0.625,0.03,0.45,0.8,0.35,0.0105,0.016175,1,0.00,1,20,7kt2b4w3,,,,,,,,0
6,7j0ajx2i,LEEPS_7,0,1804,1804,hotellingmarkup_payment_20,1,end,128.114.138.3,2017-02-08 21:23:15.993881+00:00,0,1,,,1,12,7,0.1,0.125,0.02,0.0,0.275,0.275,0.0055,0.0457375,1,0.00,3,20,7kt2b4w3,,,,,,,,0
7,lg8skrrk,LEEPS_8,0,1804,1804,hotellingmarkup_payment_20,1,end,128.114.138.3,2017-02-08 21:23:16.053374+00:00,0,1,,,3,12,7,0.1,0.625,0.0,0.275,0.75,0.475,0.0,0.0160625,1,0.00,3,20,7kt2b4w3,,,,,,,,0
8,brltr2qq,LEEPS_1,0,1804,1804,hotellingmarkup_payment_20,1,end,128.114.138.3,2017-02-08 21:23:16.058171+00:00,0,1,,,2,12,7,0.1,0.375,0.04,0.3,0.45,0.15,0.006,0.00485,1,0.00,1,20,7kt2b4w3,,,,,,,,0
9,fyfkyoey,LEEPS_10,0,1804,1804,hotellingmarkup_payment_20,1,end,128.114.138.3,2017-02-08 21:23:16.062266+00:00,0,1,,,4,12,7,0.1,0.875,0.04,0.8,1.0,0.2,0.008,0.008625,1,0.00,1,20,7kt2b4w3,,,,,,,,0
10,vd86l11u,LEEPS_9,0,1804,1804,hotellingmarkup_payment_20,1,end,128.114.138.3,2017-02-08 21:23:16.133542+00:00,0,1,,,4,12,7,0.1,0.875,0.01,0.525,1.0,0.475,0.00475,0.0043375,1,0.00,2,20,7kt2b4w3,,,,,,,,0
11,3s0guyma,LEEPS_4,0,1804,1804,hotellingmarkup_payment_20,1,end,128.114.138.3,2017-02-08 21:23:48.516961+00:00,0,1,,,1,12,7,0.1,0.125,0.02,0.0,0.3,0.3,0.006,0.0102375,1,0.00,2,20,7kt2b4w3,,,,,,,,0
12,cz17uo63,LEEPS_5,0,1804,1804,hotellingmarkup_payment_20,1,end,128.114.138.3,2017-02-08 21:24:17.231040+00:00,0,1,,,2,12,7,0.1,0.375,0.03,0.3,0.525,0.225,0.00675,0.013,1,0.00,2,20,7kt2b4w3,,,,,,,,0
